{
  "rows": 900,
  "private_total": 3991,
  "private_recall": 0.9969932347782511,
  "private_recall_wilson95": [
    0.994751461461101,
    0.9982791508164921
  ],
  "private_recall_bootstrap95": [
    0.9952392883988975,
    0.9984966173891255
  ],
  "leaked": 12,
  "public_total": 2405,
  "public_retained": 0.8731808731808732,
  "over_redacted": 305,
  "span_f1": {
    "iou_1.00": {
      "tp": 2386,
      "fp": 1404,
      "fn": 1605,
      "precision": 0.6295514511873351,
      "recall": 0.59784515159108,
      "f1": 0.6132887803624213
    },
    "iou_0.50": {
      "tp": 2983,
      "fp": 807,
      "fn": 1008,
      "precision": 0.7870712401055409,
      "recall": 0.7474317213730894,
      "f1": 0.7667394936383498
    },
    "iou_0.00": {
      "tp": 3141,
      "fp": 649,
      "fn": 850,
      "precision": 0.8287598944591029,
      "recall": 0.7870207967927838,
      "f1": 0.8073512402004883
    }
  },
  "calibration": {
    "ece": 0.21079228912807385,
    "n_pairs": 3790
  },
  "latency_ms": {
    "cold": 77.65675199999896,
    "p50": 14.373870999999781,
    "p95": 36.97866299999987,
    "p99": 48.98503100000016,
    "mean": 17.03590428111117
  },
  "model": "./model",
  "rows_scored": 900
}
