{
  "rows": 30000,
  "private_total": 131707,
  "private_recall": 0.9841921841663693,
  "private_recall_wilson95": [
    0.9835042840945342,
    0.9848518394457167
  ],
  "private_recall_bootstrap95": [
    0.9835088491879702,
    0.9848451487012839
  ],
  "leaked": 2082,
  "public_total": 87207,
  "public_retained": 0.9169332737050925,
  "over_redacted": 7244,
  "span_f1": {
    "iou_1.00": {
      "tp": 67339,
      "fp": 55823,
      "fn": 64368,
      "precision": 0.546751433071889,
      "recall": 0.5112788234490194,
      "f1": 0.5284204826793372
    },
    "iou_0.50": {
      "tp": 83715,
      "fp": 39447,
      "fn": 47992,
      "precision": 0.6797145223364349,
      "recall": 0.6356154190741571,
      "f1": 0.656925714778965
    },
    "iou_0.00": {
      "tp": 96561,
      "fp": 26601,
      "fn": 35146,
      "precision": 0.784016173819847,
      "recall": 0.7331500983243108,
      "f1": 0.7577304419132965
    }
  },
  "calibration": {
    "ece": 0.291236456105258,
    "n_pairs": 123162
  },
  "latency_ms": {
    "cold": 62.28677499999992,
    "p50": 6.577430999997887,
    "p95": 12.474294999999984,
    "p99": 15.152568000004976,
    "mean": 7.214940486199942
  },
  "model": "./model",
  "rows_scored": 30000
}
